old,new,sha256
technogym/Screenshot 2026-09-15 125733.png,assets/source/01-vision/vision-01-cardio-gallery-oak-ceiling.png,4806a790bdcfee96d13860d3c556439b0a7fe1ccb258672a2e59b92e728d508a
technogym/Screenshot 2026-09-15 125628.png,assets/source/01-vision/vision-02-strength-circuit-green-wall.png,03f754c45acfe5cdf913ab60b399b25b9145faf5fbb1598cd0a82ed45bca7c73
technogym/Screenshot 2026-09-15 125801.jpg,assets/source/01-vision/vision-03-open-studio-kettlebell-bench.jpg,e00b34f17d1289fecce7d51b2b0584b96a9ca46d94457a5e68ab12625dabc97d
technogym/11.jpg,assets/source/01-vision/vision-04-treadmill-row-windows.jpg,382e1a22fe2145980b0f5e67c399bf775c46048d2c68bface19637aca42e389c
technogym/0606c3dff6a74c9bbc15c5baf204a5c8.jpg,assets/source/01-vision/vision-05-treadmill-bike-sunlit.jpg,3edd38f7af009984def7a9083fc8af892b984684ef8ec207c6325bab34514886
technogym/10.jpg,assets/source/01-vision/vision-06-kettlebell-wall-detail.jpg,1c4a8abb7fc531c1a77c3af25ff88015a0132f97a8ad150c9d87b80956cf4358
technogym/23.jpg,assets/source/01-vision/vision-07-dumbbell-rack-walnut.jpg,ee951f21c9299a8ef63494ea3584abe9899a5dfe62d75509aac582d1826a1d63
floor plans/-2.jpg,assets/source/02-floor-plan/plan-level-b2.jpg,e518aa988d0f4e03c76111b9c3d9a27ec8283f3a83bca3408de5717514dc0e5c
floor plans/-1.jpg,assets/source/02-floor-plan/plan-level-b1.jpg,686e963ada6587ae737d111ebd384418b566be1592df180e17a39a48556a3788
floor plans/2.jpg,assets/source/02-floor-plan/plan-level-02.jpg,58c50c51dae16ffa533127418ee3a7e1547b7ebea088d50cb558030ce14a52f6
floor plans/3.jpg,assets/source/02-floor-plan/plan-level-03.jpg,92c523eb66f954e0a41c125bab33b8177584a2b1b4f0d30c577be22a2d19713b
floor plans/4.jpg,assets/source/02-floor-plan/plan-level-04.jpg,12df1e88fa225cddbc3033db6621b38c38b5d9fbe1f01272b987112915b7618e
floor plans/5.jpg,assets/source/02-floor-plan/plan-level-05.jpg,05e160e28b4a431f155dee3e7b243f5e9a78f11116fe1fe9775ed0de40aed441
14.jpg,assets/source/03-mood/mood-01-cardio-track-timber-ceiling.jpg,5e332f68b3cad70f1a7a19b08da33c9ae4cb30372c6dd35e9921eaa5ee13fd3e
29.jpg,assets/source/03-mood/mood-02-strength-floor-skylight-beams.jpg,1090c2a442e648245a417c22efad3c2aec8739f37fb852256fa66d1440bd9edf
7c81a410c6791b5dbede106e14b309df.jpg,assets/source/03-mood/mood-03-cardio-hall-orange-glow.jpg,d6f7c5a7888d78f939a08212fa248427c0cdd693b04013636ca504216af4a47c
abda3f16b9b362338c3c57f73597db8a.jpg,assets/source/03-mood/mood-04-boutique-strength-studio.jpg,ee0615dc5b4fc0449d53b0cb79f4dbb8a59b97a32975656afb0964cd3c4094d3
8197030a14b13d754820482cce59c10c.jpg,assets/source/03-mood/mood-05-heritage-arched-studio.jpg,a862f20bcead402e5e1bf57155dd38d135528ec356171ba836fe7262933bae84
37.jpg,assets/source/03-mood/mood-06-warm-boxing-weights-room.jpg,246061767225fc9406e402af227ca816e50eaca64db39e542e66e6a4a6fe2d77
97dfaa835056d69ae01ecbc5db232a2b.jpg,assets/source/03-mood/mood-07-orange-dumbbell-room.jpg,60aa96a8c689f7bac64e1320c2c97ed36713b7a4646387eb25e624623871bc76
02.jpg,assets/source/03-mood/mood-08-kettlebell-wall-oak.jpg,148c1e10dba3ddfcd5eb6257cdaea782adb012042eb47cb46f1a0fcd7365dd3e
03.jpg,assets/source/03-mood/mood-09-functional-room-boxing-stand.jpg,95db4510e0d5874b05ef2d2dccd23b2598a9d2554708ffdd7c563d75604e8838
12.jpg,assets/source/03-mood/mood-10-functional-wall-rail-system.jpg,55aac91bc847c82548b981ea706a65aaf84cb572b00c25afee61fcceceadc7d0
08,assets/source/03-mood/mood-11-weights-shelf-brass-legs.jpg,ceb089e5a2001c478bb9f76fa41dc17774bc5ecf1cf0bd53fe1bcd2e1849ddb1
080613440c24bff3e5acd8c9eceb0fe7.jpg,assets/source/03-mood/mood-12-lit-equipment-shelving.jpg,2f0fc006d5d880552537089a941e68dd7c65dfb617d3bfa9c0cec3ddf41f2401
09.jpg,assets/source/03-mood/mood-13-medicine-ball-niches-concrete.jpg,0a79beca7a4962d1c5d6c22be7d8b886f574ef511324e50050c8c0894c2440c1
07.jpg,assets/source/03-mood/mood-14-barbell-plates-plinth.jpg,b3857c06c1506029fcfc5e6d869c53e05f345be9322a646e9a9d165f9953ac68
06.jpg,assets/source/03-mood/mood-15-reformer-stone-wall-mirror.jpg,ca05cb61e56ab315fc461a547724bed4404f5f96ceabfb7a6e4dfcd634104ecb
16.jpg,assets/source/03-mood/mood-16-pilates-studio-copper-grid.jpg,019c878e4526f622b08217a9b23c4f03eaf606b15d02c12ac230e51beb5d9353
37b1f0c271b3eb136463864afbf9f29c.jpg,assets/source/03-mood/mood-17-amber-reformer-studio.jpg,f8a50eb5d9c9b75dcd5d6d0443e7ca72d086f1f529f6e3231b7670c27901da00
24.jpg,assets/source/03-mood/mood-18-steel-dumbbell-cabinet.jpg,997d36fb354fbf1bc4726ad9f50b13fca2243f2948e24f060baabe2cc9124b3f
25.jpg,assets/source/03-mood/mood-19-leather-weights-tray.jpg,e4351186cbb4c6d5f8a03a672e5e232723e536e5d58f08b088bcd18b003be93e
05.jpg,assets/source/03-mood/mood-20-wood-lockers-long-bench.jpg,55235dbfac6d62e9758562e86bbd3c6b1fc64fdebea80493e510898845f9b0e7
13.jpg,assets/source/03-mood/mood-21-oak-lockers-vanity-lounge.jpg,622d238b5a40b11c62f89ef06ee657be85468966cf910d877d4869c927b693fc
67c21cb7dbba53d5eaa1fbbbc50382c8.jpg,assets/source/03-mood/mood-22-oak-locker-hall-cove-light.jpg,0f373b789b5b9570e8779f0a79ebc85a4b13eae3d2f7bf6eb75a6d7fce0a7108
74c5f953e9dad5d77b9bd1be3d1c0b19.jpg,assets/source/03-mood/mood-23-oak-lockers-round-pouf.jpg,2836740a2bc32eb85cc4cfdb0bb4504d83905007aef7559d1130d57f3afa0201
Change Room.jpg,assets/source/03-mood/mood-24-pale-locker-corridor.jpg,4a0383f98afa01d568fca3eab7b49bdd14175ca0e6f0f0c12e9f9489dd5b7ccb
a74352ec900525b145fac03c38b2f303.jpg,assets/source/03-mood/mood-25-bronze-locker-alcoves.jpg,377075f42a235c5781917d064218beae567b939a5d136acff878c6a3a8805409
15.jpg,assets/source/03-mood/mood-26-terracotta-locker-lounge.jpg,cd73532ecfa14d90b961ed3f82fd50f8bd7f59203858da552cb57f8bbe954bb2
34.jpg,assets/source/03-mood/mood-27-dark-locker-room-red-glow.jpg,e4cfed0308028a677df5a3828400eddebe23076da79465407d17fe366b972deb
35.jpg,assets/source/03-mood/mood-28-dark-locker-room-symmetry.jpg,30c43562b51fb8fa25ba1494b5359a1a20996b26af68a5e671e8a71d33b645c9
51361b40a5bd6247aa43ef8c843e148d.jpg,assets/source/03-mood/mood-29-red-white-locker-lounge.jpg,df1bf859c14b1b803f2b3202cd0ded0b69e98fe56ab05fffc1cabee73ced3954
36.jpg,assets/source/03-mood/mood-30-red-grey-vanity-corridor.jpg,0904f787f4470eee6c2be6a3048a3fbd19f25a57b088f8c64d2b02195842a55d
38.jpg,assets/source/03-mood/mood-31-red-black-washbasins.jpg,f80dbc69dbe55680928871d6960568f1d31b343b54d31345822a91c862ba76ab
39.jpg,assets/source/03-mood/mood-32-red-shower-cubicles.jpg,cfd88345485fd85ddb82c948e7b849569f535efa243d0da8f1701a3ab81333d1
d52db213198a017145d5902bc3712b19.jpg,assets/source/03-mood/mood-33-green-vanity-corridor.jpg,834dcf2a34591d9b09893b5aea5c2e6d0d87b125826e93a531860741f366125e
dde88ed6fb0b7be05f8e8ffd43eb10df.jpg,assets/source/03-mood/mood-34-green-niches-round-mirror.jpg,82029c124cbbe9e6839914384202a4b4dd585f13e02eaba0227cf76618c4508a
20.jpg,assets/source/03-mood/mood-35-plaster-lounge-tiled-column.jpg,e423d07bac05f345e0e18ce8d66fee75ec72ff3d65e40b8bff2cc30abbccd82a
21.jpg,assets/source/03-mood/mood-36-spa-pool-oculus-steam.jpg,1f8c06696080eaf4e7e86ea748287211ba53b73d1af76a2843f08ec21c7f0c96
8ca3bd8587f12334292389db578864f4.jpg,assets/source/03-mood/mood-37-orange-gradient-lounge.jpg,73810d8ff58de39bd52d24e64c750799c10c29dc49f186fb3d9263d77c31f22c
28.jpg,assets/source/03-mood/mood-38-rammed-earth-display-ledge.jpg,20873aa40da7fa316ee65e59886c018f724636ded1ac75e3b057453e57188f88
download.jpg,assets/source/03-mood/mood-39-rammed-earth-display-niches.jpg,94aa1e5e98d500881b74e7be7d965988833aabe72f4f2d39c56bd145b48b0399
f10c6254b6ce8f2abd36ac3fb90ec6a5.jpg,assets/source/03-mood/mood-40-rammed-earth-bench-alcove.jpg,48e061da8d50895ef11c1e35585e0608bb069b505b3d42ce7ef9e53826da0ae3
22.jpg,assets/source/03-mood/mood-41-sphere-bench-sneaker-display.jpg,71cefc767d54595dd32940b20e831fca8a16b7cff279900890b245fa7eee8e27
32.jpg,assets/source/03-mood/mood-42-beige-material-board.jpg,3fdd875d7be4e03568236608acc2f76078f186b2d12ff1e7acd45dc366caff58
33.jpg,assets/source/03-mood/mood-43-linen-walnut-leather-samples.jpg,db7e3e9856d906e477a3053fdd0edc74e124051c4efe48d1917476129ac8c540
27.jpg,assets/source/03-mood/mood-44-travertine-oak-joint.jpg,f7434198183e57455d5cf9bc5a5bad9712d142e66cf1333eb454b03c8c6951a3
55c52eee5f57ac50634140df34b91235.jpg,assets/source/03-mood/mood-45-travertine-carved-logo.jpg,72c0d45330bed8770c6d5ad1ff317dfeb325407e7874ca4516851f02cea96715
9f1f1ed6c6deb7e4e1f5254b0646387b.jpg,assets/source/03-mood/mood-46-textured-plaster-column.jpg,9b69d3f9590e1c3b0dae85d0bb93475550f34651aec3772631ba6e9bd620ac67
31.jpg,assets/source/03-mood/mood-47-plaster-column-glow-base.jpg,a9b2f0095331092829d039f6b186fe72fe48853dc89599b8e0ffb65d563e15e0
17.jpg,assets/source/03-mood/mood-48-pale-figured-veneer.jpg,24d4c382f0ed0c36185484e0973d9bee559927721fe54e042d94343077ecab94
18.jpg,assets/source/03-mood/mood-49-white-burl-veneer.jpg,2fb17750dc40d513a47fafe0a329add1b12612d8348847b1e68878b8d414d615
19.jpg,assets/source/03-mood/mood-50-amber-burl-veneer.jpg,4f02877656a228ac248f412e73c04447508dd7587485d41ded20faf95081355d
26.jpg,assets/source/03-mood/mood-51-marbled-zebra-veneer.jpg,fecbc08333c280c9024ad09eaa2b22f28a113577dd4de042481075ff20a2f4e2
30.jpg,assets/source/03-mood/mood-52-tennis-ball-wall.jpg,0f575fa72907fb74caf804a3ab978e497d0de73700fbdd46af7c1d4b8c30cc44
c79f8b152761e3e868fd82dde2bdfc1a.jpg,assets/source/03-mood/mood-53-orange-cable-tray-lights.jpg,7e65de85b0ffbd5ebc85f6ba4441fc39be0093add0a5ab29ce440e21fb33d533
d18061deb9363af15ac29cb652cede5c.jpg,assets/source/03-mood/mood-54-led-colour-panel.jpg,1a223735b77b6020da8360db42f4d057cfb3e317a977f632604a2e5523e0c175
